<?xml version="1.0" encoding="utf-8"?><asx:abap version="1.0" xmlns:asx="http://www.sap.com/abapxml"><asx:values><SRC><PDI_1O_USAGE_SOURCE><MANDT>040</MANDT><SOURCE_HASH>No1eVTZj7XI=</SOURCE_HASH><SOURCE_PATH>/YQ28KFVAY_MAIN/SRC/AttributesDataCenter.bo</SOURCE_PATH><CHANGED_ON>2014-10-20T14:48:07Z</CHANGED_ON><COMPONENT>YQ28KFVAY</COMPONENT></PDI_1O_USAGE_SOURCE><PDI_1O_USAGE_SOURCE><MANDT>040</MANDT><SOURCE_HASH>SWt6EnlMdok=</SOURCE_HASH><SOURCE_PATH>/YQ28KFVAY_MAIN/SRC/AttributesManager.bo</SOURCE_PATH><CHANGED_ON>2014-10-20T14:48:08Z</CHANGED_ON><COMPONENT>YQ28KFVAY</COMPONENT></PDI_1O_USAGE_SOURCE><PDI_1O_USAGE_SOURCE><MANDT>040</MANDT><SOURCE_HASH>pcomNvtWCtU=</SOURCE_HASH><SOURCE_PATH>/YQ28KFVAY_MAIN/SRC/CommScenAtt.csd</SOURCE_PATH><CHANGED_ON>2016-01-11T11:15:09Z</CHANGED_ON><COMPONENT>YQ28KFVAY</COMPONENT></PDI_1O_USAGE_SOURCE></SRC><PROP><PDI_1O_USAGE_PROPERTIES><MANDT>040</MANDT><TARGET_HASH>ruvswjea9vg=</TARGET_HASH><TARGET_PATH>ExternalWebServiceIntegration_att/http://0000166763-one-off.sap.com/YQ28KFVAY_</TARGET_PATH><STATUS/><PSM_WRITE/><TARGET_ESR_PATH>ExternalWebServiceIntegration_att/http://0000166763-one-off.sap.com/YQ28KFVAY_</TARGET_ESR_PATH><CHANGED_ON>2016-01-11T11:15:08Z</CHANGED_ON></PDI_1O_USAGE_PROPERTIES><PDI_1O_USAGE_PROPERTIES><MANDT>040</MANDT><TARGET_HASH>sqvG9FlgDXs=</TARGET_HASH><TARGET_PATH>DTV_UUID</TARGET_PATH><STATUS>3</STATUS><PSM_WRITE/><TARGET_ESR_PATH>UUID</TARGET_ESR_PATH><CHANGED_ON>2012-07-10T06:46:42.415596Z</CHANGED_ON></PDI_1O_USAGE_PROPERTIES><PDI_1O_USAGE_PROPERTIES><MANDT>040</MANDT><TARGET_HASH>0hvuCsRWBao=</TARGET_HASH><TARGET_PATH>APC_V_LANGUAGEIN_EXTENDED_TEXT</TARGET_PATH><STATUS>3</STATUS><PSM_WRITE/><TARGET_ESR_PATH>LANGUAGEINDEPENDENT_EXTENDED_Text</TARGET_ESR_PATH><CHANGED_ON>2013-03-22T12:34:42.496773Z</CHANGED_ON></PDI_1O_USAGE_PROPERTIES></PROP><INX><PDI_1O_USAGE_INDEXES><MANDT>040</MANDT><SOURCE_HASH>pcomNvtWCtU=</SOURCE_HASH><TARGET_HASH>ruvswjea9vg=</TARGET_HASH><USAGE_TYPE>166</USAGE_TYPE><ACCESS_TYPE/></PDI_1O_USAGE_INDEXES><PDI_1O_USAGE_INDEXES><MANDT>040</MANDT><SOURCE_HASH>No1eVTZj7XI=</SOURCE_HASH><TARGET_HASH>sqvG9FlgDXs=</TARGET_HASH><USAGE_TYPE>010</USAGE_TYPE><ACCESS_TYPE/></PDI_1O_USAGE_INDEXES><PDI_1O_USAGE_INDEXES><MANDT>040</MANDT><SOURCE_HASH>SWt6EnlMdok=</SOURCE_HASH><TARGET_HASH>sqvG9FlgDXs=</TARGET_HASH><USAGE_TYPE>010</USAGE_TYPE><ACCESS_TYPE/></PDI_1O_USAGE_INDEXES><PDI_1O_USAGE_INDEXES><MANDT>040</MANDT><SOURCE_HASH>No1eVTZj7XI=</SOURCE_HASH><TARGET_HASH>0hvuCsRWBao=</TARGET_HASH><USAGE_TYPE>010</USAGE_TYPE><ACCESS_TYPE/></PDI_1O_USAGE_INDEXES><PDI_1O_USAGE_INDEXES><MANDT>040</MANDT><SOURCE_HASH>SWt6EnlMdok=</SOURCE_HASH><TARGET_HASH>0hvuCsRWBao=</TARGET_HASH><USAGE_TYPE>010</USAGE_TYPE><ACCESS_TYPE/></PDI_1O_USAGE_INDEXES></INX></asx:values></asx:abap>